{
    "loss": 69.06654357910156,
    "accuracy": 0.5467625856399536
}