{
    "loss": 3.268094539642334,
    "accuracy": 0.5035971403121948
}